"Name","epoch/val_categorical_accuracy (Max)","epoch/categorical_accuracy (Max)","State","Notes","User","Tags","Created","Runtime","Sweep","T_max","epochs","features","max_lr","min_lr","scheduler","train_size","unique_classes","val_size","video_length","epoch/categorical_crossentropy","epoch/epoch","epoch/loss","epoch/val_categorical_crossentropy","epoch/val_loss","epoch/f1_micro_tf","epoch/mcc_metric_tf","epoch/val_f1_micro_tf","epoch/val_mcc_metric_tf","epoch/learning_rate"
"AK-BGRU256-LR-Dense256-gelu-fs=60-cls=5","0.7774999737739563","1","finished","Model summary : 
","mlewand","","2024-04-25T12:25:39.000Z","515","","101","200","all","0.0001","0.00005","cosineAnnealer","1600","5","400","60","","199","0.04849465191364288","","0.9439808130264282","1","1","0.7574999928474426","0.6990758776664734","0.000025072540665860288"
"AK-BGRU128-LR-Dense256-gelu-fs=60-cls=5","0.7774999737739563","1","finished","Model summary : 
","mlewand","","2024-04-25T12:18:28.000Z","428","","101","200","all","0.0001","0.00005","cosineAnnealer","1600","5","400","60","","199","0.04846820235252381","","1.0899300575256348","1","1","0.7524999976158142","0.6960449814796448","0.000025072540665860288"
"AK-BGRU64-LR-Dense256-gelu-fs=60-cls=5","0.7825000286102295","1","finished","Model summary : 
","mlewand","","2024-04-25T12:10:53.000Z","453","","101","200","all","0.0001","0.00005","cosineAnnealer","1600","5","400","60","","199","0.05058438703417778","","0.9477565884590148","0.9993749856948853","0.9992574453353882","0.7825000286102295","0.7291911840438843","0.000025072540665860288"
"AK-BGRU32-LR-Dense256-gelu-fs=60-cls=5","0.7724999785423279","1","finished","Model summary : 
","mlewand","","2024-04-25T12:02:14.000Z","516","","101","200","all","0.0001","0.00005","cosineAnnealer","1600","5","400","60","","199","0.057507384568452835","","0.941999077796936","0.9981250166893004","0.997709572315216","0.75","0.6913335919380188","0.000025072540665860288"
"AK-BGRU16-LR-Dense256-gelu-fs=60-cls=5","0.7900000214576721","0.9925000071525574","finished","Model summary : 
","mlewand","","2024-04-25T11:54:01.000Z","491","","101","200","all","0.0001","0.00005","cosineAnnealer","1600","5","400","60","","199","0.10005583614110948","","0.898545503616333","0.9881250262260436","0.9850844740867616","0.762499988079071","0.7034503221511841","0.000025072540665860288"
"AK-BLSTM256-LR-Dense256-gelu-cls=3","0.7649999856948853","1","finished","Model summary : 
","mlewand","","2024-04-25T11:44:42.000Z","556","","101","200","all","0.0001","0.00005","cosineAnnealer","1600","5","400","60","","199","0.046265553683042526","","1.14114511013031","1","1","0.7574999928474426","0.6994288563728333","0.000025072540665860288"
"AK-BLSTM128-LR-Dense256-gelu-fs=60-cls=5","0.7925000190734863","1","finished","Model summary : 
","mlewand","","2024-04-25T11:36:09.000Z","511","","101","200","all","0.0001","0.00005","cosineAnnealer","1600","5","400","60","","199","0.05198395624756813","","1.0396525859832764","1","1","0.7825000286102295","0.7297584414482117","0.000025072540665860288"
"AK-BLSTM64-LR-Dense256-gelu-cls=3","0.7774999737739563","0.9987499713897704","finished","Model summary : 
","mlewand","","2024-04-25T11:28:36.000Z","451","","101","200","all","0.0001","0.00005","cosineAnnealer","1600","5","400","60","","199","0.06524627655744553","","1.053091526031494","0.9987499713897704","0.9984259009361268","0.7699999809265137","0.7081590890884399","0.000025072540665860288"
"AK-BLSTM32-LR-Dense256-gelu-fs=60-cls=5","0.7850000262260437","0.9987499713897704","finished","Model summary : 
","mlewand","","2024-04-25T11:19:26.000Z","547","","101","200","all","0.0001","0.00005","cosineAnnealer","1600","5","400","60","","199","0.07230120152235031","","0.8815782070159912","0.996874988079071","0.996186912059784","0.7850000262260437","0.7331461906433105","0.000025072540665860288"
"AK-BLSTM16-LR-Dense256-gelu-fs=60-cls=5","0.7799999713897705","0.9887499809265136","finished","Model summary : 
","mlewand","","2024-04-25T11:10:49.000Z","515","","101","200","all","0.0001","0.00005","cosineAnnealer","1600","5","400","60","","199","0.10750335454940796","","0.9279782772064208","0.9850000143051147","0.9811667799949646","0.7524999976158142","0.694810152053833","0.000025072540665860288"
"AK-GRU512-LR-Dense256-gelu-fs=60-cls=5","0.8374999761581421","0.9868749976158142","finished","Model summary : 
","mlewand","","2024-04-25T11:04:59.000Z","347","","101","200","all","0.0001","0.00005","cosineAnnealer","1600","5","400","60","","199","0.09864381700754166","","0.833405077457428","0.9868749976158142","0.9833682775497437","0.8149999976158142","0.7661511898040771","0.000025072540665860288"
"AK-GRU256-LR-Dense256-gelu-fs=60-cls=5","0.8224999904632568","0.953125","finished","Model summary : 
","mlewand","","2024-04-25T10:59:18.000Z","338","","101","200","all","0.0001","0.00005","cosineAnnealer","1600","5","400","60","","199","0.2085174173116684","","0.8542444109916687","0.9506250023841858","0.9387822151184082","0.7850000262260437","0.7270621657371521","0.000025072540665860288"
"AK-GRU128-LR-Dense256-gelu-fs=60-cls=5","0.8050000071525574","0.903124988079071","finished","Model summary : 
","mlewand","","2024-04-25T10:52:55.000Z","380","","101","200","all","0.0001","0.00005","cosineAnnealer","1600","5","400","60","","199","0.3576423227787018","","0.7324941158294678","0.8974999785423279","0.8729569315910339","0.7875000238418579","0.7318657040596008","0.000025072540665860288"
"AK-GRU64-LR-Dense256-gelu-fs=60-cls=5","0.7774999737739563","0.8500000238418579","finished","Model summary : 
","mlewand","","2024-04-25T10:46:23.000Z","390","","101","200","all","0.0001","0.00005","cosineAnnealer","1600","5","400","60","","199","0.45612379908561707","","0.6794111132621765","0.8493750095367432","0.8139410614967346","0.7475000023841858","0.6844853162765503","0.000025072540665860288"
"AK-GRU32-LR-Dense256-gelu-fs=60-cls=5","0.7450000047683716","0.7975000143051147","finished","Model summary : 
","mlewand","","2024-04-25T10:39:38.000Z","403","","101","200","all","0.0001","0.00005","cosineAnnealer","1600","5","400","60","","199","0.5422770977020264","","0.6591172218322754","0.7975000143051147","0.7485855221748352","0.7174999713897705","0.6447227597236633","0.000025072540665860288"
"AK-GRU16-LR-Dense256-gelu-fs=60-cls=5","0.6875","0.7368749976158142","finished","Model summary : 
","mlewand","","2024-04-25T10:33:11.000Z","384","","101","200","all","0.0001","0.00005","cosineAnnealer","1600","5","400","60","","199","0.6354581713676453","","0.7570393085479736","0.7368749976158142","0.6738120913505554","0.6825000047683716","0.6035383343696594","0.000025072540665860288"
"AK-GRU16-LR-Dense256-gelu-fs=60-cls=5","0.5299999713897705","0.5881249904632568","crashed","Model summary : 
","mlewand","","2024-04-25T01:55:33.000Z","139","","101","200","all","0.0001","0.00005","cosineAnnealer","1600","5","400","60","","74","0.8994414806365967","","0.9274261593818665","0.5837500095367432","0.4923659563064575","0.5274999737739563","0.4292415976524353","0.00003660924994619563"
"AK-LSTM256-LR-Dense128-gelu-fs=60-cls=3","0.7875000238418579","1","finished","Model summary : 
","mlewand","","2024-04-25T01:51:02.000Z","269","","101","200","all","0.0001","0.00005","cosineAnnealer","1600","5","400","60","","199","0.034354232251644135","","1.0876953601837158","1","1","0.7674999833106995","0.7115858197212219","0.000025072540665860288"
"AK-LSTM256-LR-Dense128-gelu-fs=60-cls=3","0.7825000286102295","1","finished","Model summary : 
","mlewand","","2024-04-25T01:46:57.000Z","242","","101","200","all","0.0001","0.00005","cosineAnnealer","1600","5","400","60","","199","0.045040857046842575","","1.0333019495010376","1","1","0.7699999809265137","0.7112740278244019","0.000025072540665860288"
"AK-LSTM128-LR-Dense256-fs=60-cls=5","0.8075000047683716","0.921875","finished","Model summary : 
","mlewand","","2024-04-25T01:42:16.000Z","279","","101","200","all","0.0001","0.00005","cosineAnnealer","1600","5","400","60","","199","0.2984975576400757","","0.6968575119972229","0.921875","0.9044904112815856","0.7774999737739563","0.7251785397529602","0.000025072540665860288"
"AK-LSTM64-LR-Dense256-fs=60-cls=5","0.8075000047683716","0.8799999952316284","finished","Model summary : 
","mlewand","","2024-04-25T01:37:39.000Z","274","","101","200","all","0.0001","0.00005","cosineAnnealer","1600","5","400","60","","199","0.3937602937221527","","0.6205634474754333","0.8799999952316284","0.8506001234054565","0.7975000143051147","0.7445509433746338","0.000025072540665860288"
"AK-LSTM32-LR-Dense256-fs=60-cls=5","0.7325000166893005","0.8181250095367432","finished","Model summary : 
","mlewand","","2024-04-25T01:33:06.000Z","270","","101","200","all","0.0001","0.00005","cosineAnnealer","1600","5","400","60","","199","0.5164327621459961","","0.7218111157417297","0.8181250095367432","0.7756097316741943","0.7124999761581421","0.6324055790901184","0.000025072540665860288"
"AK-LSTM16-LR-Dense256-fs=60-cls=5","0.6575000286102295","0.7300000190734863","finished","Model summary : 
","mlewand","","2024-04-25T01:28:22.000Z","282","","101","200","all","0.0001","0.00005","cosineAnnealer","1600","5","400","60","","199","0.6494148969650269","","0.7511223554611206","0.71875","0.6563412547111511","0.6324999928474426","0.5443947315216064","0.000025072540665860288"
"AK-BGRU256-LR-Dense256-gelu-fs=15-cls=5","0.7925000190734863","0.978124976158142","finished","Model summary : 
","mlewand","","2024-04-25T01:07:10.000Z","246","","101","200","all","0.0001","0.00005","cosineAnnealer","1600","5","400","15","","199","0.20757144689559937","","1.057239294052124","0.962499976158142","0.9531933069229126","0.7524999976158142","0.6954625844955444","0.000025072540665860288"
"AK-BGRU128-LR-Dense256-gelu-fs=15-cls=5","0.8075000047683716","0.9637500047683716","finished","Model summary : 
","mlewand","","2024-04-25T01:02:54.000Z","253","","101","200","all","0.0001","0.00005","cosineAnnealer","1600","5","400","15","","199","0.21696916222572327","","0.8112332820892334","0.9606249928474426","0.9510113000869752","0.7799999713897705","0.7277723550796509","0.000025072540665860288"
"AK-BGRU64-LR-Dense256-gelu-fs=15-cls=5","0.8149999976158142","0.9449999928474426","finished","Model summary : 
","mlewand","","2024-04-25T00:58:29.000Z","262","","101","200","all","0.0001","0.00005","cosineAnnealer","1600","5","400","15","","199","0.2496509701013565","","0.6876326203346252","0.943750023841858","0.9293533563613892","0.800000011920929","0.7521288394927979","0.000025072540665860288"
"AK-BGRU32-LR-Dense256-gelu-fs=15-cls=5","0.8349999785423279","0.9300000071525574","finished","Model summary : 
","mlewand","","2024-04-25T00:54:00.000Z","267","","101","200","all","0.0001","0.00005","cosineAnnealer","1600","5","400","15","","199","0.2829916477203369","","0.6042437553405762","0.9300000071525574","0.9124166369438172","0.8199999928474426","0.7768680453300476","0.000025072540665860288"
"AK-BGRU16-LR-Dense256-gelu-fs=15-cls=5","0.8349999785423279","0.8999999761581421","finished","Model summary : 
","mlewand","","2024-04-25T00:49:14.000Z","284","","101","200","all","0.0001","0.00005","cosineAnnealer","1600","5","400","15","","199","0.3233197331428528","","0.5784175992012024","0.8999999761581421","0.875355064868927","0.8075000047683716","0.7633851766586304","0.000025072540665860288"
"AK-BLSTM256-LR-Dense256-gelu-cls=3","0.7975000143051147","0.975624978542328","finished","Model summary : 
","mlewand","","2024-04-25T00:45:28.000Z","224","","101","200","all","0.0001","0.00005","cosineAnnealer","1600","5","400","15","","199","0.2096158862113953","","0.9665913581848145","0.9731249809265136","0.9660377502441406","0.762499988079071","0.7028953433036804","0.000025072540665860288"
"AK-BLSTM128-LR-Dense256-gelu-fs=15-cls=5","0.8050000071525574","0.965624988079071","finished","Model summary : 
","mlewand","","2024-04-25T00:40:58.000Z","268","","101","200","all","0.0001","0.00005","cosineAnnealer","1600","5","400","15","","199","0.2384711503982544","","0.8978312015533447","0.9518749713897704","0.939891755580902","0.7799999713897705","0.726869523525238","0.000025072540665860288"
"AK-BLSTM64-LR-Dense256-gelu-cls=3","0.7925000190734863","0.9512500166893004","finished","Model summary : 
","mlewand","","2024-04-25T00:36:37.000Z","258","","101","200","all","0.0001","0.00005","cosineAnnealer","1600","5","400","15","","199","0.2580444812774658","","0.8969609141349792","0.940625011920929","0.9257587194442748","0.7749999761581421","0.7250520586967468","0.000025072540665860288"
"AK-BLSTM32-LR-Dense256-gelu-fs=15-cls=5","0.8050000071525574","0.925000011920929","finished","Model summary : 
","mlewand","","2024-04-25T00:31:44.000Z","291","","101","200","all","0.0001","0.00005","cosineAnnealer","1600","5","400","15","","199","0.3136787712574005","","0.8076820373535156","0.9075000286102296","0.8856053948402405","0.7649999856948853","0.7134541273117065","0.000025072540665860288"
"AK-BLSTM16-LR-Dense256-gelu-fs=15-cls=5","0.8050000071525574","0.8987500071525574","finished","Model summary : 
","mlewand","","2024-04-25T00:26:52.000Z","290","","101","200","all","0.0001","0.00005","cosineAnnealer","1600","5","400","15","","199","0.3406822681427002","","0.7089311480522156","0.8987500071525574","0.874708354473114","0.7699999809265137","0.7164292335510254","0.000025072540665860288"
"AK-GRU512-LR-Dense256-gelu-fs=15-cls=5","0.824999988079071","0.9474999904632568","finished","Model summary : 
","mlewand","","2024-04-25T00:23:32.000Z","197","","101","200","all","0.0001","0.00005","cosineAnnealer","1600","5","400","15","","199","0.24575960636138916","","0.691117525100708","0.9431250095367432","0.9292619824409484","0.800000011920929","0.749978244304657","0.000025072540665860288"
"AK-GRU256-LR-Dense256-gelu-fs=15-cls=5","0.8424999713897705","0.9193750023841858","finished","Model summary : 
","mlewand","","2024-04-25T00:20:15.000Z","195","","101","200","all","0.0001","0.00005","cosineAnnealer","1600","5","400","15","","199","0.2955373525619507","","0.5985593795776367","0.9168750047683716","0.8960780501365662","0.8349999785423279","0.7929986715316772","0.000025072540665860288"
"AK-GRU128-LR-Dense256-gelu-fs=15-cls=5","0.8349999785423279","0.8831250071525574","finished","Model summary : 
","mlewand","","2024-04-25T00:16:52.000Z","201","","101","200","all","0.0001","0.00005","cosineAnnealer","1600","5","400","15","","199","0.37918293476104736","","0.555404782295227","0.8743749856948853","0.8448237776756287","0.8224999904632568","0.7775465250015259","0.000025072540665860288"
"AK-GRU64-LR-Dense256-gelu-fs=15-cls=5","0.8224999904632568","0.8631250262260437","finished","Model summary : 
","mlewand","","2024-04-25T00:13:25.000Z","205","","101","200","all","0.0001","0.00005","cosineAnnealer","1600","5","400","15","","199","0.40280163288116455","","0.564714789390564","0.8518750071525574","0.8153733015060425","0.8125","0.7670251727104187","0.000025072540665860288"
"AK-GRU32-LR-Dense256-gelu-fs=15-cls=5","0.8149999976158142","0.8299999833106995","finished","Model summary : 
","mlewand","","2024-04-25T00:09:51.000Z","212","","101","200","all","0.0001","0.00005","cosineAnnealer","1600","5","400","15","","199","0.49252769351005554","","0.5885112881660461","0.8262500166893005","0.7859824895858765","0.7774999737739563","0.7276968359947205","0.000025072540665860288"
"AK-GRU16-LR-Dense256-gelu-fs=15-cls=5","0.7825000286102295","0.8031250238418579","finished","Model summary : 
","mlewand","","2024-04-25T00:06:20.000Z","208","","101","200","all","0.0001","0.00005","cosineAnnealer","1600","5","400","15","","199","0.5453743934631348","","0.6353200078010559","0.8018749952316284","0.7555487751960754","0.7450000047683716","0.6798052787780762","0.000025072540665860288"
"AK-LSTM256-LR-Dense128-gelu-fs=15-cls=3","0.7975000143051147","0.975000023841858","finished","Model summary : 
","mlewand","","2024-04-25T00:03:09.000Z","189","","101","200","all","0.0001","0.00005","cosineAnnealer","1600","5","400","15","","199","0.195373997092247","","1.083204984664917","0.9612500071525574","0.9518001079559326","0.7450000047683716","0.6858669519424438","0.000025072540665860288"
"AK-LSTM256-LR-Dense128-gelu-fs=15-cls=3","0.7925000190734863","0.9662500023841858","finished","Model summary : 
","mlewand","","2024-04-25T00:00:00.000Z","186","","101","200","all","0.0001","0.00005","cosineAnnealer","1600","5","400","15","","199","0.2200016975402832","","0.8722351789474487","0.9512500166893004","0.9394128322601318","0.7699999809265137","0.7128275036811829","0.000025072540665860288"
"AK-LSTM128-LR-Dense256-fs=15-cls=5","0.8199999928474426","0.9049999713897704","finished","Model summary : 
","mlewand","","2024-04-24T23:56:49.000Z","188","","101","200","all","0.0001","0.00005","cosineAnnealer","1600","5","400","15","","199","0.33203890919685364","","0.6839662194252014","0.8974999785423279","0.8734973073005676","0.8025000095367432","0.7515091896057129","0.000025072540665860288"
"AK-LSTM64-LR-Dense256-fs=15-cls=5","0.8199999928474426","0.8824999928474426","finished","Model summary : 
","mlewand","","2024-04-24T23:53:26.000Z","200","","101","200","all","0.0001","0.00005","cosineAnnealer","1600","5","400","15","","199","0.39841628074646","","0.648403525352478","0.8693749904632568","0.836747407913208","0.7724999785423279","0.7217178344726562","0.000025072540665860288"
"AK-LSTM32-LR-Dense256-fs=15-cls=5","0.7850000262260437","0.8612499833106995","finished","Model summary : 
","mlewand","","2024-04-24T23:50:05.000Z","199","","101","200","all","0.0001","0.00005","cosineAnnealer","1600","5","400","15","","199","0.4473924934864044","","0.6118903160095215","0.84375","0.8078625202178955","0.7825000286102295","0.7258344888687134","0.000025072540665860288"
"AK-LSTM16-LR-Dense256-fs=15-cls=5","0.7875000238418579","0.8087499737739563","finished","Model summary : 
","mlewand","","2024-04-24T23:46:41.000Z","202","","101","200","all","0.0001","0.00005","cosineAnnealer","1600","5","400","15","","199","0.5611621141433716","","0.7474405169487","0.8012499809265137","0.7539249658584595","0.7425000071525574","0.6740772724151611","0.000025072540665860288"
"AK-BGRU256-LR-Dense256-gelu-fs=36-cls=5","","","finished","Model summary : 
","mlewand","","2024-04-24T23:19:59.000Z","1566","","101","200","all","0.0001","0.00005","cosineAnnealer","1600","5","400","36","","","","","","","","","",""
"AK-BGRU128-LR-Dense256-gelu-fs=36-cls=5","0.7975000143051147","0.9993749856948853","finished","Model summary : 
","mlewand","","2024-04-24T23:15:22.000Z","274","","101","200","all","0.0001","0.00005","cosineAnnealer","1600","5","400","36","","199","0.081346794962883","","0.8665826916694641","0.9956250190734864","0.9945262670516968","0.7799999713897705","0.7303792834281921","0.000025072540665860288"
"AK-BGRU64-LR-Dense256-gelu-fs=36-cls=5","0.8125","0.9962499737739564","finished","Model summary : 
","mlewand","","2024-04-24T23:10:43.000Z","276","","101","200","all","0.0001","0.00005","cosineAnnealer","1600","5","400","36","","199","0.09010814875364304","","0.8229860067367554","0.9962499737739564","0.9951770305633544","0.7724999785423279","0.7221336364746094","0.000025072540665860288"
"AK-BGRU32-LR-Dense256-gelu-fs=36-cls=5","0.8224999904632568","0.9918749928474426","finished","Model summary : 
","mlewand","","2024-04-24T23:04:55.000Z","346","","101","200","all","0.0001","0.00005","cosineAnnealer","1600","5","400","36","","199","0.12295235693454742","","0.7774615287780762","0.9831249713897704","0.9787979125976562","0.7950000166893005","0.7446388006210327","0.000025072540665860288"
"AK-BGRU16-LR-Dense256-gelu-fs=36-cls=5","0.8324999809265137","0.975000023841858","finished","Model summary : 
","mlewand","","2024-04-24T22:59:29.000Z","324","","101","200","all","0.0001","0.00005","cosineAnnealer","1600","5","400","36","","199","0.15886126458644867","","0.6165953874588013","0.9693750143051147","0.9617751240730286","0.8224999904632568","0.7822210788726807","0.000025072540665860288"
"AK-BLSTM256-LR-Dense256-gelu-cls=3","0.7975000143051147","0.9993749856948853","finished","Model summary : 
","mlewand","","2024-04-24T22:54:57.000Z","270","","101","200","all","0.0001","0.00005","cosineAnnealer","1600","5","400","36","","199","0.07065392285585403","","0.8273414373397827","0.9993749856948853","0.999234676361084","0.7975000143051147","0.7481448650360107","0.000025072540665860288"
"AK-BLSTM128-LR-Dense256-gelu-cls=3","0.8100000023841858","0.9981250166893004","finished","Model summary : 
","mlewand","","2024-04-24T22:50:04.000Z","291","","101","200","all","0.0001","0.00005","cosineAnnealer","1600","5","400","36","","199","0.08148767799139023","","0.9664183259010316","0.9975000023841858","0.9967719316482544","0.7799999713897705","0.7291049957275391","0.000025072540665860288"
"AK-BLSTM64-LR-Dense256-gelu-cls=3","0.8075000047683716","0.9950000047683716","finished","Model summary : 
","mlewand","","2024-04-24T22:44:47.000Z","314","","101","200","all","0.0001","0.00005","cosineAnnealer","1600","5","400","36","","199","0.10120107978582382","","0.7133544087409973","0.9881250262260436","0.9853845238685608","0.8025000095367432","0.7538272142410278","0.000025072540665860288"
"AK-BLSTM32-LR-Dense256-gelu-cls=3","0.8149999976158142","0.991249978542328","finished","Model summary : 
","mlewand","","2024-04-24T22:39:36.000Z","309","","101","200","all","0.0001","0.00005","cosineAnnealer","1600","5","400","36","","199","0.11847192049026488","","0.7311393022537231","0.9881250262260436","0.9850082993507384","0.7774999737739563","0.7201406359672546","0.000025072540665860288"
"AK-BLSTM16-LR-Dense256-gelu-cls=3","0.8125","0.9743750095367432","finished","Model summary : 
","mlewand","","2024-04-24T22:34:05.000Z","328","","101","200","all","0.0001","0.00005","cosineAnnealer","1600","5","400","36","","199","0.16668610274791718","","0.7952542901039124","0.9700000286102296","0.9624691009521484","0.7850000262260437","0.734560489654541","0.000025072540665860288"
"AK-GRU512-LR-Dense256-gelu-fs=36-cls=5","0.862500011920929","0.9837499856948853","finished","Model summary : 
","mlewand","","2024-04-24T22:30:10.000Z","233","","101","200","all","0.0001","0.00005","cosineAnnealer","1600","5","400","36","","199","0.1301441341638565","","0.8161498308181763","0.9806249737739564","0.9756444692611694","0.8274999856948853","0.7818778157234192","0.000025072540665860288"
"AK-GRU256-LR-Dense256-gelu-fs=36-cls=5","0.8374999761581421","0.9493749737739564","finished","Model summary : 
","mlewand","","2024-04-24T22:26:01.000Z","247","","101","200","all","0.0001","0.00005","cosineAnnealer","1600","5","400","36","","199","0.2040603756904602","","0.637748658657074","0.9493749737739564","0.937164545059204","0.8174999952316284","0.775216817855835","0.000025072540665860288"
"AK-GRU128-LR-Dense256-gelu-fs=36-cls=5","0.8224999904632568","0.9112499952316284","finished","Model summary : 
","mlewand","","2024-04-24T22:21:52.000Z","247","","101","200","all","0.0001","0.00005","cosineAnnealer","1600","5","400","36","","199","0.2986723482608795","","0.6520849466323853","0.9112499952316284","0.8893862366676331","0.7825000286102295","0.7281046509742737","0.000025072540665860288"
"AK-GRU64-LR-Dense256-gelu-fs=36-cls=5","0.8174999952316284","0.8799999952316284","finished","Model summary : 
","mlewand","","2024-04-24T22:17:31.000Z","258","","101","200","all","0.0001","0.00005","cosineAnnealer","1600","5","400","36","","199","0.3809244036674499","","0.556679368019104","0.8737499713897705","0.8419445157051086","0.7900000214576721","0.7349197864532471","0.000025072540665860288"
"AK-GRU32-LR-Dense256-gelu-fs=36-cls=5","0.7950000166893005","0.8287500143051147","finished","Model summary : 
","mlewand","","2024-04-24T22:13:10.000Z","258","","101","200","all","0.0001","0.00005","cosineAnnealer","1600","5","400","36","","199","0.4753589928150177","","0.601864755153656","0.8268749713897705","0.7865511178970337","0.7425000071525574","0.6797233819961548","0.000025072540665860288"
"AK-GRU16-LR-Dense256-gelu-fs=36-cls=5","0.7400000095367432","0.784375011920929","finished","Model summary : 
","mlewand","","2024-04-24T22:08:33.000Z","274","","101","200","all","0.0001","0.00005","cosineAnnealer","1600","5","400","36","","199","0.6054180264472961","","0.6749064922332764","0.784375011920929","0.732725977897644","0.7124999761581421","0.6432549953460693","0.000025072540665860288"
"AK-LSTM256-LR-Dense128-gelu-fs=15-cls=3","0.8050000071525574","0.9993749856948853","finished","Model summary : 
","mlewand","","2024-04-24T22:04:42.000Z","228","","101","200","all","0.0001","0.00005","cosineAnnealer","1600","5","400","36","","199","0.059719838201999664","","0.9588127136230468","0.9956250190734864","0.9945025444030762","0.800000011920929","0.7543522715568542","0.000025072540665860288"
"AK-LSTM256-LR-Dense128-gelu-fs=15-cls=3","0.8174999952316284","0.9975000023841858","finished","Model summary : 
","mlewand","","2024-04-24T22:00:48.000Z","232","","101","200","all","0.0001","0.00005","cosineAnnealer","1600","5","400","36","","199","0.06793782860040665","","1.0573928356170654","0.996874988079071","0.9962218999862672","0.7774999737739563","0.7226658463478088","0.000025072540665860288"
"AK-LSTM128-LR-Dense256-fs=36-cls=5","0.8324999809265137","0.9381250143051147","finished","Model summary : 
","mlewand","","2024-04-24T21:56:43.000Z","242","","101","200","all","0.0001","0.00005","cosineAnnealer","1600","5","400","36","","199","0.2461044639348984","","0.6146416664123535","0.9350000023841858","0.9193493723869324","0.8324999809265137","0.7925717234611511","0.000025072540665860288"
"AK-LSTM64-LR-Dense256-fs=36-cls=5","0.8274999856948853","0.915000021457672","finished","Model summary : 
","mlewand","","2024-04-24T21:52:46.000Z","234","","101","200","all","0.0001","0.00005","cosineAnnealer","1600","5","400","36","","199","0.32108554244041443","","0.6721000075340271","0.8962500095367432","0.8701131939888","0.7774999737739563","0.7222847938537598","0.000025072540665860288"
"AK-LSTM32-LR-Dense256-fs=36-cls=5","0.8100000023841858","0.8531249761581421","finished","Model summary : 
","mlewand","","2024-04-24T21:48:39.000Z","244","","101","200","all","0.0001","0.00005","cosineAnnealer","1600","5","400","36","","199","0.4428364038467407","","0.5864076614379883","0.8531249761581421","0.8184114098548889","0.7950000166893005","0.7434576153755188","0.000025072540665860288"
"AK-LSTM16-LR-Dense256-fs=36-cls=5","0.7574999928474426","0.7987499833106995","finished","Model summary : 
","mlewand","","2024-04-24T21:44:21.000Z","255","","101","200","all","0.0001","0.00005","cosineAnnealer","1600","5","400","36","","199","0.5382868051528931","","0.6591161489486694","0.7900000214576721","0.7396817803382874","0.7425000071525574","0.6710103750228882","0.000025072540665860288"
"Transformer-e=64-h=2-ff=128-D=0.1-Dense=128-LipsEyesHandsPose_5k","0.8700000047683716","0.9818750023841858","finished","Model summary : 
","mlewand","","2024-04-24T21:16:25.000Z","295","","101","200","reduced-LipsEyesHandsPose-scaled","0.0001","0.00005","cosineAnnealer","1600","5","400","36","","199","0.0676659345626831","","0.7035700082778931","","","","","0.000025072540665860288"
"AK-GRU512-LR-Dense256-gelu-fs=36-cls=5","0.8600000143051147","0.9850000143051147","finished","Model summary : 
","mlewand","","2024-04-24T21:13:08.000Z","170","","101","200","all","0.0001","0.00005","cosineAnnealer","1600","5","400","36","","199","0.13023340702056885","","0.7511070966720581","","","","","0.000025072540665860288"
"AK-BGRU16-LR-Dense256-gelu-fs=36-cls=5","0.8424999713897705","0.9762499928474426","finished","Model summary : 
","mlewand","","2024-04-24T21:08:43.000Z","262","","101","200","all","0.0001","0.00005","cosineAnnealer","1600","5","400","36","","199","0.13874627649784088","","0.6391483545303345","","","","","0.000025072540665860288"
"RK-GRU512-LR-Dense256-gelu-fs=36-cls=5","0.7149999737739563","0.9993749856948853","finished","Model summary : 
<keras.src.engine.sequential.Sequential object at 0x7fd4f8222450>","mlewand","","2024-04-24T21:03:56.000Z","99","","101","200","reduced-LipsEyesHandsPose-scaled","0.0001","0.00005","cosineAnnealer","1600","5","400","36","","199","0.6945552229881287","","1.210473895072937","","","","","0.000025072540665860288"
"AK-BGRU256-LR-Dense256-gelu-fs=36-cls=5","0.7925000190734863","1","finished","Model summary : 
","mlewand","","2024-04-24T19:26:25.000Z","382","","101","200","all","0.0001","0.00005","cosineAnnealer","1600","5","400","36","","199","0.07249193638563156","","0.8882324695587158","","","","","0.000025072540665860288"
"AK-BGRU128-LR-Dense256-gelu-fs=36-cls=5","0.7950000166893005","0.9993749856948853","finished","Model summary : 
","mlewand","","2024-04-24T19:20:46.000Z","337","","101","200","all","0.0001","0.00005","cosineAnnealer","1600","5","400","36","","199","0.06861736625432968","","0.8436578512191772","","","","","0.000025072540665860288"
"AK-BGRU64-LR-Dense256-gelu-fs=36-cls=5","0.8224999904632568","0.9975000023841858","finished","Model summary : 
","mlewand","","2024-04-24T19:14:48.000Z","356","","101","200","all","0.0001","0.00005","cosineAnnealer","1600","5","400","36","","199","0.08503863215446472","","0.8567016124725342","","","","","0.000025072540665860288"
"AK-BGRU32-LR-Dense256-gelu-fs=36-cls=5","0.8075000047683716","0.9887499809265136","finished","Model summary : 
","mlewand","","2024-04-24T19:08:49.000Z","356","","101","200","all","0.0001","0.00005","cosineAnnealer","1600","5","400","36","","199","0.11626499891281128","","0.8009970188140869","","","","","0.000025072540665860288"
"AK-BGRU16-LR-Dense256-gelu-fs=36-cls=5","0.8450000286102295","0.9806249737739564","finished","Model summary : 
","mlewand","","2024-04-24T18:59:48.000Z","538","","101","200","all","0.0001","0.00005","cosineAnnealer","1600","5","400","36","","199","0.13836894929409027","","0.6552009582519531","","","","","0.000025072540665860288"
"AK-LSTM256-LR-Dense128-gelu-fs=15-cls=3","0.8075000047683716","0.9993749856948853","finished","Model summary : 
None","mlewand","","2024-04-24T18:44:19.000Z","221","","101","200","all","0.0001","0.00005","cosineAnnealer","1600","5","400","36","","199","0.06508937478065491","","0.9960610270500184","","","","","0.000025072540665860288"
"AK-LSTM128-LR-Dense256-fs=36-cls=5","0.8125","0.9431250095367432","finished","Model summary : 
None","mlewand","","2024-04-24T18:40:25.000Z","231","","101","200","all","0.0001","0.00005","cosineAnnealer","1600","5","400","36","","199","0.2223670333623886","","0.8340932726860046","","","","","0.000025072540665860288"
"AK-LSTM64-LR-Dense256-fs=36-cls=5","0.8199999928474426","0.9024999737739564","finished","Model summary : 
None","mlewand","","2024-04-24T18:35:49.000Z","273","","101","200","all","0.0001","0.00005","cosineAnnealer","1600","5","400","36","","199","0.31724151968955994","","0.6238105297088623","","","","","0.000025072540665860288"
"AK-LSTM32-LR-Dense256-fs=36-cls=5","0.800000011920929","0.8556249737739563","finished","Model summary : 
None","mlewand","","2024-04-24T18:31:04.000Z","281","","101","200","all","0.0001","0.00005","cosineAnnealer","1600","5","400","36","","199","0.4284157156944275","","0.6245932579040527","","","","","0.000025072540665860288"
"AK-LSTM16-LR-Dense256-fs=36-cls=","0.7724999785423279","0.8006250262260437","finished","Model summary : 
None","mlewand","","2024-04-24T18:25:32.000Z","330","","101","200","all","0.0001","0.00005","cosineAnnealer","1600","5","400","36","","199","0.544553816318512","","0.674043595790863","","","","","0.000025072540665860288"
"AK-GRU512-LR-Dense256-gelu-fs=36-cls=5","0.8575000166893005","0.981249988079071","finished","Model summary : 
None","mlewand","","2024-04-24T17:56:38.000Z","233","","101","200","all","0.0001","0.00005","cosineAnnealer","1600","5","400","36","","199","0.14024507999420166","","0.7673757672309875","","","","","0.000025072540665860288"
"AK-GRU256-LR-Dense256-gelu-fs=36-cls=5","0.8349999785423279","0.9518749713897704","finished","Model summary : 
None","mlewand","","2024-04-24T17:52:44.000Z","232","","101","200","all","0.0001","0.00005","cosineAnnealer","1600","5","400","36","","199","0.21982914209365845","","0.6715476512908936","","","","","0.000025072540665860288"
"AK-GRU128-LR-Dense256-gelu-fs=36-cls=5","0.8274999856948853","0.8999999761581421","finished","Model summary : 
None","mlewand","","2024-04-24T17:48:03.000Z","279","","101","200","all","0.0001","0.00005","cosineAnnealer","1600","5","400","36","","199","0.32319939136505127","","0.664520800113678","","","","","0.000025072540665860288"
"AK-GRU64-LR-Dense256-gelu-fs=36-cls=5","0.7900000214576721","0.8550000190734863","finished","Model summary : 
None","mlewand","","2024-04-24T17:43:38.000Z","263","","101","200","all","0.0001","0.00005","cosineAnnealer","1600","5","400","36","","199","0.4153639078140259","","0.5911806225776672","","","","","0.000025072540665860288"
"AK-GRU32-LR-Dense256-gelu-fs=36-cls=5","0.8025000095367432","0.8306249976158142","finished","Model summary : 
None","mlewand","","2024-04-24T17:39:00.000Z","276","","101","200","all","0.0001","0.00005","cosineAnnealer","1600","5","400","36","","199","0.48633408546447754","","0.5963091850280762","","","","","0.000025072540665860288"
"AK-GRU16-LR-Dense256-gelu-fs=36-cls=5","0.7549999952316284","0.8081250190734863","finished","Model summary : 
None","mlewand","","2024-04-24T17:34:25.000Z","273","","101","200","all","0.0001","0.00005","cosineAnnealer","1600","5","400","36","","199","0.5495117902755737","","0.6284723877906799","","","","","0.000025072540665860288"
"AK-LSTM256-LR-Dense128-gelu-fs=15-cls=3","0.7900000214576721","1","finished","Model summary : 
None","mlewand","","2024-04-24T17:30:46.000Z","217","","101","200","all","0.0001","0.00005","cosineAnnealer","1600","5","400","36","","199","0.05751936137676239","","0.9978590607643129","","","","","0.000025072540665860288"
"AK-LSTM256-LR-Dense128-gelu-fs=15-cls=3","0.8199999928474426","0.9981250166893004","finished","Model summary : 
None","mlewand","","2024-04-24T17:27:21.000Z","203","","101","200","all","0.0001","0.00005","cosineAnnealer","1600","5","400","36","","199","0.07109274715185165","","0.8771706223487854","","","","","0.000025072540665860288"
"AK-LSTM128-LR-Dense256-fs=36-cls=5","0.8125","0.9449999928474426","finished","Model summary : 
None","mlewand","","2024-04-24T17:23:26.000Z","230","","101","200","all","0.0001","0.00005","cosineAnnealer","1600","5","400","36","","199","0.2600599229335785","","0.6628973484039307","","","","","0.000025072540665860288"
"AK-LSTM64-LR-Dense256-fs=36-cls=5","0.8399999737739563","0.9100000262260436","finished","Model summary : 
None","mlewand","","2024-04-24T17:19:03.000Z","260","","101","200","all","0.0001","0.00005","cosineAnnealer","1600","5","400","36","","199","0.30304789543151855","","0.635393500328064","","","","","0.000025072540665860288"
"AK-LSTM32-LR-Dense256-fs=36-cls=5","0.8125","0.8756250143051147","finished","Model summary : 
None","mlewand","","2024-04-24T17:14:58.000Z","242","","101","200","all","0.0001","0.00005","cosineAnnealer","1600","5","400","36","","199","0.3962188959121704","","0.6985953450202942","","","","","0.000025072540665860288"
"AK-LSTM16-LR-Dense256-fs=36-cls=","0.7799999713897705","0.828125","finished","Model summary : 
None","mlewand","","2024-04-24T17:11:04.000Z","232","","101","200","all","0.0001","0.00005","cosineAnnealer","1600","5","400","36","","199","0.511161744594574","","0.6405426263809204","","","","","0.000025072540665860288"
"AK-Transformer-e=32-h=4-ff=96-D=0.1-Dense=128","0.8450000286102295","0.9818750023841858","finished","Model summary : 
None","mlewand","","2024-04-24T13:27:23.000Z","467","","101","200","all","0.0001","0.00005","cosineAnnealer","1600","5","400","36","","199","0.06240580230951309","","0.755952775478363","","","","","0.000025072540665860288"
"AK-Transformer-e=32-h=2-ff=64-D=0.1-Dense=128","0.875","0.971875011920929","finished","Model summary : 
None","mlewand","","2024-04-24T13:06:47.000Z","325","","101","200","all","0.0001","0.00005","cosineAnnealer","1600","5","400","36","","199","0.09809578210115431","","0.7954166531562805","","","","","0.000025072540665860288"
"AK-Transformer-e=32-h=2-ff=128-D=0.1-Dense=128","0.7975000143051147","0.975000023841858","finished","Model summary : 
None","mlewand","","2024-04-24T13:01:10.000Z","334","","101","200","all","0.0001","0.00005","cosineAnnealer","1600","5","400","36","","199","0.09582018107175828","","0.8898733258247375","","","","","0.000025072540665860288"
"AK-Transformer-e=64-h=2-ff=64-D=0.1-Dense=128","0.875","0.975000023841858","finished","Model summary : 
None","mlewand","","2024-04-24T12:55:43.000Z","324","","101","200","reduced-LipsEyesHandsPose-scaled","0.0001","0.00005","cosineAnnealer","1600","5","400","36","","199","0.10132544487714767","","0.6044380068778992","","","","","0.000025072540665860288"
"AK-Transformer-e=64-h=2-ff=128-D=0.1-Dense=128","0.8774999976158142","0.9837499856948853","finished","Model summary : 
None","mlewand","","2024-04-24T12:49:49.000Z","352","","101","200","reduced-LipsEyesHandsPose-scaled","0.0001","0.00005","cosineAnnealer","1600","5","400","36","","199","0.07953201979398727","","0.6166937351226807","","","","","0.000025072540665860288"
"AK-BLSTM256-LR-Dense256-gelu-cls=3","0.800000011920929","1","finished","Model summary : 
None","mlewand","","2024-04-24T12:39:06.000Z","371","","101","200","all","0.0001","0.00005","cosineAnnealer","1600","5","400","36","","199","0.07183857262134552","","0.941088855266571","","","","","0.000025072540665860288"
"AK-BLSTM128-LR-Dense256-gelu-cls=3","0.7925000190734863","0.9987499713897704","finished","Model summary : 
None","mlewand","","2024-04-24T12:33:14.000Z","349","","101","200","all","0.0001","0.00005","cosineAnnealer","1600","5","400","36","","199","0.07900463044643402","","0.9549018740653992","","","","","0.000025072540665860288"
"AK-BLSTM64-LR-Dense256-gelu-cls=3","0.8050000071525574","0.9950000047683716","finished","Model summary : 
None","mlewand","","2024-04-24T12:27:50.000Z","321","","101","200","all","0.0001","0.00005","cosineAnnealer","1600","5","400","36","","199","0.09705976396799088","","0.8164539933204651","","","","","0.000025072540665860288"
"AK-BLSTM32-LR-Dense256-gelu-cls=3","0.8125","0.9856250286102296","finished","Model summary : 
None","mlewand","","2024-04-24T12:20:46.000Z","421","","101","200","all","0.0001","0.00005","cosineAnnealer","1600","5","400","36","","199","0.11830572038888933","","0.8694736957550049","","","","","0.000025072540665860288"
"AK-BLSTM16-LR-Dense256-gelu-cls=3","0.8274999856948853","0.96875","finished","Model summary : 
None","mlewand","","2024-04-24T12:04:05.000Z","487","","101","200","all","0.0001","0.00005","cosineAnnealer","1600","5","400","36","","199","0.1780097931623459","","0.6598482728004456","","","","","0.000025072540665860288"
"AK-GRU256-LR-Dense256-gelu-cls=3","0.8433333039283752","0.9476470351219176","finished","Model summary : 
<keras.src.engine.sequential.Sequential object at 0x7fb0642af690>","mlewand","","2024-04-23T17:07:22.000Z","401","","101","200","all","0.0001","0.00005","cosineAnnealer","1700","5","300","36","","199","0.2177327573299408","","0.8366770148277283","","","","","0.000025072540665860288"
"AK-GRU128-LR-Dense256-gelu-cls=5","0.8433333039283752","0.9164705872535706","finished","Model summary : 
<keras.src.engine.sequential.Sequential object at 0x7fb05cc7d6d0>","mlewand","","2024-04-23T17:00:37.000Z","402","","101","200","all","0.0001","0.00005","cosineAnnealer","1700","5","300","36","","199","0.3386785387992859","","0.7407079339027405","","","","","0.000025072540665860288"
"AK-GRU64-LR-Dense256-gelu-cls=3","0.8100000023841858","0.8817647099494934","finished","Model summary : 
<keras.src.engine.sequential.Sequential object at 0x7fb678317a50>","mlewand","","2024-04-23T16:53:09.000Z","444","","101","200","all","0.0001","0.00005","cosineAnnealer","1700","5","300","36","","199","0.3931351006031037","","0.732395589351654","","","","","0.000025072540665860288"
"AK-GRU32-LR-Dense256-gelu-fs=15-cls=3","0.7733333110809326","0.8435294032096863","finished","Model summary : 
<keras.src.engine.sequential.Sequential object at 0x7fb78c723f10>","mlewand","","2024-04-23T16:45:26.000Z","461","","101","200","all","0.0001","0.00005","cosineAnnealer","1700","5","300","36","","199","0.44864681363105774","","0.6152532696723938","","","","","0.000025072540665860288"
"AK-LSTM256-LR-Dense128-gelu-fs=36-cls=5","0.8133333325386047","0.9976470470428468","finished","Model summary : 
<keras.src.engine.sequential.Sequential object at 0x7fb79c7bb0d0>","mlewand","","2024-04-23T16:39:11.000Z","372","","101","200","all","0.0001","0.00005","cosineAnnealer","1700","5","300","36","","199","0.0709352195262909","","0.9913212060928344","","","","","0.000025072540665860288"
"AK-LSTM128-LR-Dense256-fs=36-cls=5","0.8333333134651184","0.942941188812256","finished","Model summary : 
<keras.src.engine.sequential.Sequential object at 0x7fb8143d5e10>","mlewand","","2024-04-23T16:32:22.000Z","407","","101","200","all","0.0001","0.00005","cosineAnnealer","1700","5","300","36","","199","0.23143769800662992","","0.6416832208633423","","","","","0.000025072540665860288"
"AK-LSTM64-LR-Dense256-fs=36-cls=5","0.800000011920929","0.9111764430999756","finished","Model summary : 
<keras.src.engine.sequential.Sequential object at 0x7fb8ffcd7c10>","mlewand","","2024-04-23T16:25:33.000Z","406","","101","200","all","0.0001","0.00005","cosineAnnealer","1700","5","300","36","","199","0.3142992854118347","","0.7270135283470154","","","","","0.000025072540665860288"
"AK-LSTM32-LR-Dense256-fs=36-cls=5","0.8333333134651184","0.8817647099494934","finished","Model summary : 
<keras.src.engine.sequential.Sequential object at 0x7fb902e70590>","mlewand","","2024-04-23T16:17:27.000Z","483","","101","200","all","0.0001","0.00005","cosineAnnealer","1700","5","300","36","","199","0.3929260373115539","","0.5087991952896118","","","","","0.000025072540665860288"
"RK-LSTM16-LR-Dense256-fs=36-cls=5","0.7049999833106995","0.9993749856948853","finished","Model summary : 
<keras.src.engine.sequential.Sequential object at 0x7fb714714f90>","mlewand","","2024-04-23T14:30:30.000Z","225","","101","200","reduced-LipsEyesHandsPose-scaled","0.0001","0.00005","cosineAnnealer","1600","5","400","36","","199","0.7454959750175476","","1.263461709022522","","","","","0.000025072540665860288"
"Transformer-embed=128-heads=2-ff=128-D=0.1-Dense=128-Dense=256-LipsEyesHandsPose_5k","0.7350000143051147","1","finished","Model summary : 
<keras.src.engine.functional.Functional object at 0x7fb6f410e850>","mlewand","","2024-04-23T13:28:22.000Z","2819","","151","300","reduced-LipsEyesHandsPose","0.0003","0.00005","cosineAnnealer","1600","5","400","36","","299","0.6715395450592041","","1.1324739456176758","","","","","0.00005010819950257428"
"Transformer-e=128-h=4-ff=256-D=0.1-Dense=128-LipsEyesHandsPose_5k","0.7300000190734863","0.9987499713897704","finished","Model summary : 
<keras.src.engine.functional.Functional object at 0x7fb6046b0510>","mlewand","","2024-04-23T12:56:51.000Z","1888","","101","200","reduced-LipsEyesHandsPose-scaled","0.0001","0.00005","cosineAnnealer","1600","5","400","36","","199","0.7015670537948608","","1.207836031913757","","","","","0.000025072540665860288"
"RK-BGRU256-LR-Dense256-gelu-fs=36-cls=5","0.7450000047683716","1","finished","Model summary : 
<keras.src.engine.sequential.Sequential object at 0x7fb6a0bb8650>","mlewand","","2024-04-23T12:24:10.000Z","1957","","101","200","reduced-LipsEyesHandsPose-scaled","0.0001","0.00005","cosineAnnealer","1600","5","400","36","","199","0.7048951983451843","","1.1601099967956543","","","","","0.000025072540665860288"
"RK-BGRU128-LR-Dense256-gelu-fs=36-cls=5","0.7350000143051147","1","finished","Model summary : 
<keras.src.engine.sequential.Sequential object at 0x7fb6856755d0>","mlewand","","2024-04-23T11:51:41.000Z","1946","","101","200","reduced-LipsEyesHandsPose-scaled","0.0001","0.00005","cosineAnnealer","1600","5","400","36","","199","0.7063243985176086","","1.1879372596740725","","","","","0.000025072540665860288"
"RK-BGRU64-LR-Dense256-gelu-fs=36-cls=5","0.7325000166893005","1","finished","Model summary : 
<keras.src.engine.sequential.Sequential object at 0x7fb686965910>","mlewand","","2024-04-23T11:19:00.000Z","1959","","101","200","reduced-LipsEyesHandsPose-scaled","0.0001","0.00005","cosineAnnealer","1600","5","400","36","","199","0.7126398682594299","","1.224635362625122","","","","","0.000025072540665860288"
"RK-BGRU32-LR-Dense256-gelu-fs=36-cls=5","0.7149999737739563","1","finished","Model summary : 
<keras.src.engine.sequential.Sequential object at 0x7fb654542950>","mlewand","","2024-04-23T10:45:31.000Z","2006","","101","200","reduced-LipsEyesHandsPose-scaled","0.0001","0.00005","cosineAnnealer","1600","5","400","36","","199","0.7240437865257263","","1.2538360357284546","","","","","0.000025072540665860288"
"RK-BGRU16-LR-Dense256-gelu-fs=36-cls=5","0.7024999856948853","0.9993749856948853","finished","Model summary : 
<keras.src.engine.sequential.Sequential object at 0x7fb664587890>","mlewand","","2024-04-23T10:12:26.000Z","1982","","101","200","reduced-LipsEyesHandsPose-scaled","0.0001","0.00005","cosineAnnealer","1600","5","400","36","","199","0.7481438517570496","","1.2725602388381958","","","","","0.000025072540665860288"
"RK-BLSTM256-LR-Dense256-gelu-fs=36-cls=5","0.7400000095367432","1","finished","Model summary : 
<keras.src.engine.sequential.Sequential object at 0x7fb6bc35d990>","mlewand","","2024-04-23T09:40:43.000Z","1901","","101","200","reduced-LipsEyesHandsPose-scaled","0.0001","0.00005","cosineAnnealer","1600","5","400","36","","199","0.7049766778945923","","1.200243353843689","","","","","0.000025072540665860288"
"RK-BLSTM128-LR-Dense256-gelu-fs=36-cls=5","0.7250000238418579","1","finished","Model summary : 
<keras.src.engine.sequential.Sequential object at 0x7fbdd4422790>","mlewand","","2024-04-23T09:08:22.000Z","1939","","101","200","reduced-LipsEyesHandsPose-scaled","0.0001","0.00005","cosineAnnealer","1600","5","400","36","","199","0.71543288230896","","1.2677035331726074","","","","","0.000025072540665860288"
"RK-BLSTM64-LR-Dense256-gelu-fs=36-cls=5","0.7099999785423279","1","finished","Model summary : 
<keras.src.engine.sequential.Sequential object at 0x7fb6a0bf59d0>","mlewand","","2024-04-23T08:36:23.000Z","1915","","101","200","reduced-LipsEyesHandsPose-scaled","0.0001","0.00005","cosineAnnealer","1600","5","400","36","","199","0.7157634496688843","","1.2902706861495972","","","","","0.000025072540665860288"
"RK-BLSTM32-LR-Dense256-gelu-fs=36-cls=5","0.6850000023841858","1","finished","Model summary : 
<keras.src.engine.sequential.Sequential object at 0x7fb714117890>","mlewand","","2024-04-23T08:02:41.000Z","2006","","101","200","reduced-LipsEyesHandsPose-scaled","0.0001","0.00005","cosineAnnealer","1600","5","400","36","","199","0.7096824049949646","","1.2891552448272705","","","","","0.000025072540665860288"
"RK-BLSTM16-LR-Dense256-gelu-fs=36-cls=5","0.6924999952316284","0.9993749856948853","finished","Model summary : 
<keras.src.engine.sequential.Sequential object at 0x7fbd102009d0>","mlewand","","2024-04-23T07:29:31.000Z","1987","","101","200","reduced-LipsEyesHandsPose-scaled","0.0001","0.00005","cosineAnnealer","1600","5","400","36","","199","0.7217053174972534","","1.335370659828186","","","","","0.000025072540665860288"
"RK-GRU512-LR-Dense256-gelu-fs=36-cls=5","0.7475000023841858","1","finished","Model summary : 
<keras.src.engine.sequential.Sequential object at 0x7fb7141bee10>","mlewand","","2024-04-23T06:58:26.000Z","1863","","101","200","reduced-LipsEyesHandsPose-scaled","0.0001","0.00005","cosineAnnealer","1600","5","400","36","","199","0.7009469866752625","","1.1529282331466677","","","","","0.000025072540665860288"
"RK-GRU256-LR-Dense256-gelu-fs=36-cls=5","0.7524999976158142","1","finished","Model summary : 
<keras.src.engine.sequential.Sequential object at 0x7fbd58582450>","mlewand","","2024-04-23T06:27:03.000Z","1881","","101","200","reduced-LipsEyesHandsPose-scaled","0.0001","0.00005","cosineAnnealer","1600","5","400","36","","199","0.7061941623687744","","1.1727383136749268","","","","","0.000025072540665860288"
"RK-GRU128-LR-Dense256-gelu-fs=36-cls=5","0.7350000143051147","0.9987499713897704","finished","Model summary : 
<keras.src.engine.sequential.Sequential object at 0x7fbd103b61d0>","mlewand","","2024-04-23T05:55:30.000Z","1891","","101","200","reduced-LipsEyesHandsPose-scaled","0.0001","0.00005","cosineAnnealer","1600","5","400","36","","199","0.7183629870414734","","1.217030644416809","","","","","0.000025072540665860288"
"RK-GRU64-LR-Dense256-gelu-fs=36-cls=5","0.7200000286102295","0.975624978542328","finished","Model summary : 
<keras.src.engine.sequential.Sequential object at 0x7fbdd47f5e90>","mlewand","","2024-04-23T05:24:03.000Z","1882","","101","200","reduced-LipsEyesHandsPose-scaled","0.0001","0.00005","cosineAnnealer","1600","5","400","36","","199","0.7606683373451233","","1.224997878074646","","","","","0.000025072540665860288"
"RK-GRU32-LR-Dense256-gelu-fs=36-cls=5","0.7149999737739563","0.909375011920929","finished","Model summary : 
<keras.src.engine.sequential.Sequential object at 0x7fbde47bfd50>","mlewand","","2024-04-23T04:52:21.000Z","1899","","101","200","reduced-LipsEyesHandsPose-scaled","0.0001","0.00005","cosineAnnealer","1600","5","400","36","","199","0.8584426045417786","","1.1755764484405518","","","","","0.000025072540665860288"
"RK-GRU16-LR-Dense256-gelu-fs=36-cls=5","0.7250000238418579","0.8387500047683716","finished","Model summary : 
<keras.src.engine.sequential.Sequential object at 0x7fbea836f890>","mlewand","","2024-04-23T04:19:53.000Z","1945","","101","200","reduced-LipsEyesHandsPose-scaled","0.0001","0.00005","cosineAnnealer","1600","5","400","36","","199","0.9353375434875488","","1.1209341287612915","","","","","0.000025072540665860288"
"RK-LSTM512-LR-Dense256-fs=36-cls=5","0.737500011920929","1","finished","Model summary : 
<keras.src.engine.sequential.Sequential object at 0x7fbe10760e50>","mlewand","","2024-04-23T03:49:17.000Z","1834","","101","200","reduced-LipsEyesHandsPose-scaled","0.0001","0.00005","cosineAnnealer","1600","5","400","36","","199","0.6816275119781494","","1.1728613376617432","","","","","0.000025072540665860288"
"RK-LSTM256-LR-Dense256-fs=36-cls=5","0.762499988079071","1","finished","Model summary : 
<keras.src.engine.sequential.Sequential object at 0x7fbf3f2e1650>","mlewand","","2024-04-23T03:18:20.000Z","1854","","101","200","reduced-LipsEyesHandsPose-scaled","0.0001","0.00005","cosineAnnealer","1600","5","400","36","","199","0.6885671019554138","","1.1456927061080933","","","","","0.000025072540665860288"
"RK-LSTM128-LR-Dense256-fs=36-cls=5","0.7099999785423279","0.9993749856948853","finished","Model summary : 
<keras.src.engine.sequential.Sequential object at 0x7fbea049b690>","mlewand","","2024-04-23T02:47:34.000Z","1844","","101","200","reduced-LipsEyesHandsPose-scaled","0.0001","0.00005","cosineAnnealer","1600","5","400","36","","199","0.7009971141815186","","1.2474126815795898","","","","","0.000025072540665860288"
"RK-LSTM64-LR-Dense256-fs=36-cls=5","0.7049999833106995","0.9918749928474426","finished","Model summary : 
<keras.src.engine.sequential.Sequential object at 0x7fbe9027c9d0>","mlewand","","2024-04-23T02:15:52.000Z","1900","","101","200","reduced-LipsEyesHandsPose-scaled","0.0001","0.00005","cosineAnnealer","1600","5","400","36","","199","0.7265727519989014","","1.2710036039352417","","","","","0.000025072540665860288"
"RK-LSTM32-LR-Dense256-fs=36-cls=5","0.7225000262260437","0.934374988079071","finished","Model summary : 
<keras.src.engine.sequential.Sequential object at 0x7fbea0137090>","mlewand","","2024-04-23T01:43:46.000Z","1924","","101","200","reduced-LipsEyesHandsPose-scaled","0.0001","0.00005","cosineAnnealer","1600","5","400","36","","199","0.8277866244316101","","1.2081689834594729","","","","","0.000025072540665860288"
"RK-LSTM16-LR-Dense256-fs=36-cls=5","0.6850000023841858","0.8412500023841858","finished","Model summary : 
<keras.src.engine.sequential.Sequential object at 0x7fbea0359090>","mlewand","","2024-04-23T01:11:41.000Z","1923","","101","200","reduced-LipsEyesHandsPose-scaled","0.0001","0.00005","cosineAnnealer","1600","5","400","36","","199","0.9395332932472228","","1.266178846359253","","","","","0.000025072540665860288"
"RK-LSTM16-LR-Dense256-fs=15-cls=3","0.5274999737739563","0.6343749761581421","crashed","Model summary : 
<Sequential name=sequential_5, built=True>","mlewand","","2024-04-23T00:47:45.000Z","1592","","101","200","reduced-LipsEyesHandsPose-scaled","0.0001","0.00005","cosineAnnealer","1600","5","400","36","","28","1.2351880073547363","","1.3125211000442505","","","","",""
"AK-GRU64-LR-Dense256-gelu-cls=5","0.8166666626930237","0.9823529124259948","finished","Model summary : 
<keras.src.engine.sequential.Sequential object at 0x7f62ba92cb10>","mlewand","","2024-04-22T21:03:51.000Z","378","","101","200","all","0.0001","0.00005","cosineAnnealer","1700","5","300","30","","199","0.1396152675151825","","0.8484285473823547","","","","","0.000025072540665860288"
"AK-BGRU64-LR-Dense256-gelu-cls=5","0.8033333420753479","0.9923529624938964","finished","Model summary : 
<keras.src.engine.sequential.Sequential object at 0x7f6262bd2790>","mlewand","","2024-04-22T20:54:40.000Z","487","","101","200","all","0.0001","0.00005","cosineAnnealer","1700","5","300","30","","199","0.11271794140338898","","0.8174622654914856","","","","","0.000025072540665860288"
"AK-BGRU256-LR-Dense256-gelu-cls=13","0.6840000152587891","0.9637647271156312","finished","Model summary : 
<keras.src.engine.sequential.Sequential object at 0x7f623871b310>","mlewand","","2024-04-22T20:09:04.000Z","1377","","101","200","all","0.0001","0.00005","cosineAnnealer","4250","13","750","15","","199","0.29544296860694885","","1.2677463293075562","","","","","0.000025072540665860288"
"AK-BGRU128-LR-Dense256-gelu-cls=13","0.6866666674613953","0.934823513031006","finished","Model summary : 
<keras.src.engine.sequential.Sequential object at 0x7f626292f350>","mlewand","","2024-04-22T19:50:29.000Z","1112","","101","200","all","0.0001","0.00005","cosineAnnealer","4250","13","750","15","","199","0.3566940426826477","","1.1573573350906372","","","","","0.000025072540665860288"
"AK-BGRU64-LR-Dense256-gelu-cls=13","0.6986666917800903","0.8941176533699036","finished","Model summary : 
<keras.src.engine.sequential.Sequential object at 0x7f62901f3dd0>","mlewand","","2024-04-22T19:26:47.000Z","1419","","101","200","all","0.0001","0.00005","cosineAnnealer","4250","13","750","15","","199","0.4413819909095764","","1.03643798828125","","","","","0.000025072540665860288"
"AK-BGRU32-LR-Dense256-gelu-cls=13","0.7026666402816772","0.8465882539749146","finished","Model summary : 
<keras.src.engine.sequential.Sequential object at 0x7f6319231b10>","mlewand","","2024-04-22T19:05:02.000Z","1303","","101","200","all","0.0001","0.00005","cosineAnnealer","4250","13","750","15","","199","0.5615153312683105","","0.9381036758422852","","","","","0.000025072540665860288"
"AK-BGRU16-LR-Dense256-gelu-cls=13","0.6773333549499512","0.783294141292572","finished","Model summary : 
<keras.src.engine.sequential.Sequential object at 0x7f62c0d25710>","mlewand","","2024-04-22T18:43:12.000Z","1307","","101","200","all","0.0001","0.00005","cosineAnnealer","4250","13","750","15","","199","0.7389729619026184","","0.9819716811180116","","","","","0.000025072540665860288"
"AK-BLSTM256-LR-Dense256-gelu-cls=13","0.6453333497047424","0.9583529233932496","finished","Model summary : 
<keras.src.engine.sequential.Sequential object at 0x7f6308956b90>","mlewand","","2024-04-22T18:23:43.000Z","1166","","101","200","all","0.0001","0.00005","cosineAnnealer","4250","13","750","15","","199","0.3089260756969452","","1.6028844118118286","","","","","0.000025072540665860288"
"AK-BLSTM128-LR-Dense256-gelu-cls=13","0.6613333225250244","0.9263529181480408","finished","Model summary : 
<keras.src.engine.sequential.Sequential object at 0x7f631b9e90d0>","mlewand","","2024-04-22T18:01:22.000Z","1338","","101","200","all","0.0001","0.00005","cosineAnnealer","4250","13","750","15","","199","0.3719162344932556","","1.2880688905715942","","","","","0.000025072540665860288"
"AK-BLSTM64-LR-Dense256-gelu-cls=13","0.690666675567627","0.8976470828056335","finished","Model summary : 
<keras.src.engine.sequential.Sequential object at 0x7f63096271d0>","mlewand","","2024-04-22T17:36:58.000Z","1461","","101","200","all","0.0001","0.00005","cosineAnnealer","4250","13","750","15","","199","0.4363222420215606","","1.16502583026886","","","","","0.000025072540665860288"
"AK-BLSTM32-LR-Dense256-gelu-cls=13","0.6653333306312561","0.8465882539749146","finished","Model summary : 
<keras.src.engine.sequential.Sequential object at 0x7f63b1af4b10>","mlewand","","2024-04-22T17:15:11.000Z","1305","","101","200","all","0.0001","0.00005","cosineAnnealer","4250","13","750","15","","199","0.5567706227302551","","1.102463960647583","","","","","0.000025072540665860288"
"AK-BLSTM16-LR-Dense256-gelu-cls=13","0.6613333225250244","0.7875294089317322","finished","Model summary : 
<keras.src.engine.sequential.Sequential object at 0x7f63a09474d0>","mlewand","","2024-04-22T16:50:28.000Z","1481","","101","200","all","0.0001","0.00005","cosineAnnealer","4250","13","750","15","","199","0.6881956458091736","","1.0872373580932615","","","","","0.000025072540665860288"
"AK-GRU512-LR-Dense256-gelu-cls=13","0.6826666593551636","0.9164705872535706","finished","Model summary : 
<keras.src.engine.sequential.Sequential object at 0x7f63a01d3dd0>","mlewand","","2024-04-22T16:38:45.000Z","701","","101","200","all","0.0001","0.00005","cosineAnnealer","4250","13","750","15","","199","0.3571692407131195","","1.2884804010391235","","","","","0.000025072540665860288"
"AK-GRU256-LR-Dense256-gelu-cls=13","0.7013333439826965","0.846823513507843","finished","Model summary : 
<keras.src.engine.sequential.Sequential object at 0x7f63a2591c50>","mlewand","","2024-04-22T16:26:14.000Z","748","","101","200","all","0.0001","0.00005","cosineAnnealer","4250","13","750","15","","199","0.5314469337463379","","1.1381447315216064","","","","","0.000025072540665860288"
"AK-GRU128-LR-Dense256-gelu-cls=13","0.690666675567627","0.7842352986335754","finished","Model summary : 
<keras.src.engine.sequential.Sequential object at 0x7f63b0aae150>","mlewand","","2024-04-22T16:12:48.000Z","803","","101","200","all","0.0001","0.00005","cosineAnnealer","4250","13","750","15","","199","0.6925331354141235","","1.0809837579727173","","","","","0.000025072540665860288"
"AK-GRU64-LR-Dense256-gelu-cls=13","0.6746666431427002","0.7115294337272644","finished","Model summary : 
<keras.src.engine.sequential.Sequential object at 0x7f6994c00b10>","mlewand","","2024-04-22T15:59:32.000Z","793","","101","200","all","0.0001","0.00005","cosineAnnealer","4250","13","750","15","","199","0.8492687344551086","","0.9439719915390016","","","","","0.000025072540665860288"
"AK-GRU32-LR-Dense256-gelu-fs=15-cls=13","0.5120000243186951","0.5437647104263306","finished","Model summary : 
<keras.src.engine.sequential.Sequential object at 0x7f6b38261f90>","mlewand","","2024-04-22T15:47:43.000Z","707","","101","200","all","0.0001","0.00005","cosineAnnealer","4250","13","750","15","","199","1.2310508489608765","","1.3253228664398191","","","","","0.000025072540665860288"
"AK-GRU16-LR-Dense256-gelu-fs=15-cls=13","0.46666666865348816","0.48988234996795654","finished","Model summary : 
<keras.src.engine.sequential.Sequential object at 0x7f6a143c3e90>","mlewand","","2024-04-22T15:35:38.000Z","722","","101","200","all","0.0001","0.00005","cosineAnnealer","4250","13","750","15","","199","1.3702888488769531","","1.421299934387207","","","","","0.000025072540665860288"
"AK-LSTM256-LR-Dense128-gelu-fs=15-cls=13","0.6453333497047424","0.9675294160842896","finished","Model summary : 
<keras.src.engine.sequential.Sequential object at 0x7f6ae83f3dd0>","mlewand","","2024-04-22T15:23:59.000Z","696","","101","200","all","0.0001","0.00005","cosineAnnealer","4250","13","750","15","","199","0.2339135706424713","","1.7086496353149414","","","","","0.000025072540665860288"
"AK-LSTM256-LR-Dense128-gelu-fs=15-cls=13","0.6586666703224182","0.9367058873176576","finished","Model summary : 
<keras.src.engine.sequential.Sequential object at 0x7f6a3c59d190>","mlewand","","2024-04-22T15:12:49.000Z","668","","101","200","all","0.0001","0.00005","cosineAnnealer","4250","13","750","15","","199","0.32156622409820557","","1.4558875560760498","","","","","0.000025072540665860288"
"AK-LSTM128-LR-Dense256-fs=15-cls=13","0.6746666431427002","0.8150588274002075","finished","Model summary : 
<keras.src.engine.sequential.Sequential object at 0x7f6a686ad090>","mlewand","","2024-04-22T15:00:33.000Z","733","","101","200","all","0.0001","0.00005","cosineAnnealer","4250","13","750","15","","199","0.6191306114196777","","1.1147065162658691","","","","","0.000025072540665860288"
"AK-LSTM64-LR-Dense256-fs=15-cls=13","0.6639999747276306","0.7463529706001282","finished","Model summary : 
<keras.src.engine.sequential.Sequential object at 0x7f6a6868d090>","mlewand","","2024-04-22T14:47:50.000Z","761","","101","200","all","0.0001","0.00005","cosineAnnealer","4250","13","750","15","","199","0.7931079864501953","","1.0433192253112793","","","","","0.000025072540665860288"
"AK-LSTM32-LR-Dense256-fs=15-cls=13","0.5440000295639038","0.5927059054374695","finished","Model summary : 
<keras.src.engine.sequential.Sequential object at 0x7f6c5bf7b3d0>","mlewand","","2024-04-22T14:35:29.000Z","739","","101","200","all","0.0001","0.00005","cosineAnnealer","4250","13","750","15","","199","1.1416856050491333","","1.2552106380462646","","","","","0.000025072540665860288"
"AK-LSTM16-LR-Dense256-fs=15-cls=13","0.5253333449363708","0.5383529663085938","finished","Model summary : 
<keras.src.engine.sequential.Sequential object at 0x7f6c5bf61710>","mlewand","","2024-04-22T14:23:10.000Z","736","","101","200","all","0.0001","0.00005","cosineAnnealer","4250","13","750","15","","199","1.263803482055664","","1.3459681272506714","","","","","0.000025072540665860288"
"AK-BGRU256-LR-Dense256-gelu-cls=3","0.9200000166893004","0.9882352948188782","finished","Model summary : 
<keras.src.engine.sequential.Sequential object at 0x7f1f49e337d0>","mlewand","","2024-04-22T13:44:29.000Z","282","","101","200","all","0.0001","0.00005","cosineAnnealer","850","3","150","15","","199","0.13434998691082","","0.3774558901786804","","","","","0.000025072540665860288"
"AK-BGRU128-LR-Dense256-gelu-cls=3","0.9266666769981384","0.9788235425949096","finished","Model summary : 
<keras.src.engine.sequential.Sequential object at 0x7f1f481837d0>","mlewand","","2024-04-22T13:37:33.000Z","414","","101","200","all","0.0001","0.00005","cosineAnnealer","850","3","150","15","","199","0.1541027873754501","","0.4537083506584167","","","","","0.000025072540665860288"
"AK-BGRU64-LR-Dense256-gelu-cls=3","0.9266666769981384","0.9717646837234496","finished","Model summary : 
<keras.src.engine.sequential.Sequential object at 0x7f1f86792890>","mlewand","","2024-04-22T13:31:14.000Z","376","","101","200","all","0.0001","0.00005","cosineAnnealer","850","3","150","15","","199","0.14294452965259552","","0.30595144629478455","","","","","0.000025072540665860288"
"AK-BGRU32-LR-Dense256-gelu-cls=3","0.946666657924652","0.9682353138923644","finished","Model summary : 
<keras.src.engine.sequential.Sequential object at 0x7f1f84f1cfd0>","mlewand","","2024-04-22T13:23:37.000Z","454","","101","200","all","0.0001","0.00005","cosineAnnealer","850","3","150","15","","199","0.18387305736541748","","0.3762030005455017","","","","","0.000025072540665860288"
"AK-BGRU16-LR-Dense256-gelu-cls=3","0.9333333373069764","0.9588235020637512","finished","Model summary : 
<keras.src.engine.sequential.Sequential object at 0x7f1f9c9c9190>","mlewand","","2024-04-22T13:16:42.000Z","412","","101","200","all","0.0001","0.00005","cosineAnnealer","850","3","150","15","","199","0.1575443595647812","","0.2871168553829193","","","","","0.000025072540665860288"
"AK-BLSTM256-LR-Dense256-gelu-cls=3","0.9200000166893004","0.9835293889045716","finished","Model summary : 
<keras.src.engine.sequential.Sequential object at 0x7f1fbeeecad0>","mlewand","","2024-04-22T13:10:11.000Z","388","","101","200","all","0.0001","0.00005","cosineAnnealer","850","3","150","15","","199","0.15214189887046814","","0.4192952513694763","","","","","0.000025072540665860288"
"AK-BLSTM128-LR-Dense256-gelu-cls=3","0.9266666769981384","0.9800000190734864","finished","Model summary : 
<keras.src.engine.sequential.Sequential object at 0x7f1fbebf1b90>","mlewand","","2024-04-22T13:03:03.000Z","426","","101","200","all","0.0001","0.00005","cosineAnnealer","850","3","150","15","","199","0.16646131873130798","","0.4273644089698791","","","","","0.000025072540665860288"
"AK-BLSTM64-LR-Dense256-gelu-cls=3","0.9266666769981384","0.9764705896377563","finished","Model summary : 
<keras.src.engine.sequential.Sequential object at 0x7f1f9cab6c90>","mlewand","","2024-04-22T12:55:55.000Z","425","","101","200","all","0.0001","0.00005","cosineAnnealer","850","3","150","15","","199","0.18169139325618744","","0.39415228366851807","","","","","0.000025072540665860288"
"AK-BLSTM32-LR-Dense256-gelu-cls=3","0.9200000166893004","0.9670588374137878","finished","Model summary : 
<keras.src.engine.sequential.Sequential object at 0x7f1f48263e50>","mlewand","","2024-04-22T12:47:43.000Z","489","","101","200","all","0.0001","0.00005","cosineAnnealer","850","3","150","15","","199","0.16424348950386047","","0.345035582780838","","","","","0.000025072540665860288"
"AK-BLSTM16-LR-Dense256-gelu-cls=3","0.9266666769981384","0.9576470851898192","finished","Model summary : 
<keras.src.engine.sequential.Sequential object at 0x7f26701969d0>","mlewand","","2024-04-22T12:38:12.000Z","569","","101","200","all","0.0001","0.00005","cosineAnnealer","850","3","150","15","","199","0.1887102574110031","","0.28287428617477417","","","","","0.000025072540665860288"
"AK-GRU512-LR-Dense256-gelu-cls=3","0.9399999976158142","0.974117636680603","finished","Model summary : 
<keras.src.engine.sequential.Sequential object at 0x7f2045c9bdd0>","mlewand","","2024-04-22T12:35:08.000Z","181","","101","200","all","0.0001","0.00005","cosineAnnealer","850","3","150","15","","199","0.19889697432518005","","0.5433072447776794","","","","","0.000025072540665860288"
"AK-GRU256-LR-Dense256-gelu-cls=3","0.9333333373069764","0.963529407978058","finished","Model summary : 
<keras.src.engine.sequential.Sequential object at 0x7f2045473a90>","mlewand","","2024-04-22T12:31:22.000Z","223","","101","200","all","0.0001","0.00005","cosineAnnealer","850","3","150","15","","199","0.19097039103507996","","0.29519200325012207","","","","","0.000025072540665860288"
"AK-GRU128-LR-Dense256-gelu-cls=3","0.9333333373069764","0.9541176557540894","finished","Model summary : 
<keras.src.engine.sequential.Sequential object at 0x7f20451ca8d0>","mlewand","","2024-04-22T12:27:54.000Z","205","","101","200","all","0.0001","0.00005","cosineAnnealer","850","3","150","15","","199","0.18962547183036804","","0.346067875623703","","","","","0.000025072540665860288"
"AK-GRU64-LR-Dense256-gelu-cls=3","0.9399999976158142","0.9458823800086976","finished","Model summary : 
<keras.src.engine.sequential.Sequential object at 0x7f2045f6e450>","mlewand","","2024-04-22T12:23:58.000Z","233","","101","200","all","0.0001","0.00005","cosineAnnealer","850","3","150","15","","199","0.2213391810655594","","0.34833118319511414","","","","","0.000025072540665860288"
"AK-GRU32-LR-Dense256-gelu-fs=15-cls=3","0.946666657924652","0.9458823800086976","finished","Model summary : 
<keras.src.engine.sequential.Sequential object at 0x7f26701b4a90>","mlewand","","2024-04-22T12:19:52.000Z","244","","101","200","all","0.0001","0.00005","cosineAnnealer","850","3","150","15","","199","0.19786688685417175","","0.3369823098182678","","","","","0.000025072540665860288"
"AK-GRU16-LR-Dense256-gelu-fs=15-cls=3","0.9333333373069764","0.9247058629989624","finished","Model summary : 
<keras.src.engine.sequential.Sequential object at 0x7f2702ff4290>","mlewand","","2024-04-22T12:15:34.000Z","255","","101","200","all","0.0001","0.00005","cosineAnnealer","850","3","150","15","","199","0.25144335627555847","","0.25351575016975403","","","","","0.000025072540665860288"
"AK-LSTM256-LR-Dense128-gelu-fs=15-cls=3","0.9066666960716248","0.9835293889045716","finished","Model summary : 
<keras.src.engine.sequential.Sequential object at 0x7f26d0611290>","mlewand","","2024-04-22T12:11:54.000Z","217","","101","200","all","0.0001","0.00005","cosineAnnealer","850","3","150","15","","199","0.15443935990333557","","0.4769596457481384","","","","","0.000025072540665860288"
"AK-LSTM256-LR-Dense128-gelu-fs=15-cls=3","0.9333333373069764","0.977647066116333","finished","Model summary : 
<keras.src.engine.sequential.Sequential object at 0x7f26f47d1b90>","mlewand","","2024-04-22T12:08:28.000Z","204","","101","200","all","0.0001","0.00005","cosineAnnealer","850","3","150","15","","199","0.16503632068634033","","0.38315001130104065","","","","","0.000025072540665860288"
"AK-LSTM128-LR-Dense256-fs=15-cls=3","0.9200000166893004","0.959999978542328","finished","Model summary : 
<keras.src.engine.sequential.Sequential object at 0x7f2702f315d0>","mlewand","","2024-04-22T12:04:44.000Z","221","","101","200","all","0.0001","0.00005","cosineAnnealer","850","3","150","15","","199","0.17318780720233917","","0.35968920588493347","","","","","0.000025072540665860288"
"AK-LSTM64-LR-Dense256-fs=15-cls=3","0.9200000166893004","0.9505882263183594","finished","Model summary : 
<keras.src.engine.sequential.Sequential object at 0x7f28e14d1890>","mlewand","","2024-04-22T12:00:54.000Z","227","","101","200","all","0.0001","0.00005","cosineAnnealer","850","3","150","15","","199","0.22971433401107788","","0.3709487318992615","","","","","0.000025072540665860288"
"AK-LSTM32-LR-Dense256-fs=15-cls=3","0.9266666769981384","0.9364705681800842","finished","Model summary : 
<keras.src.engine.sequential.Sequential object at 0x7f28de4637d0>","mlewand","","2024-04-22T11:56:44.000Z","248","","101","200","all","0.0001","0.00005","cosineAnnealer","850","3","150","15","","199","0.20024317502975464","","0.3309284746646881","","","","","0.000025072540665860288"
"AK-LSTM16-LR-Dense256-fs=15-cls=3","0.8866666555404663","0.8988234996795654","finished","Model summary : 
<keras.src.engine.sequential.Sequential object at 0x7fea68764350>","mlewand","","2024-04-22T11:47:23.000Z","211","","50","100","all","0.0001","0.00005","cosineAnnealer","850","3","150","15","","99","0.4056187868118286","","0.46936726570129395","","","","","0.00009999999747378752"
"AK-LSTM32-LR-Dense256-gelu","0.9266666769981384","0.959999978542328","finished","Model summary : 
<keras.src.engine.sequential.Sequential object at 0x7f4434122290>","mlewand","","2024-04-22T01:24:47.000Z","174","","50","100","all","0.0001","0.00005","cosineAnnealer","850","3","150","20","","99","0.2761748433113098","","0.779446542263031","","","","","0.00009999999747378752"
"AK-GRU32-LR-Dense256-gelu","0.9133333563804626","0.907058835029602","finished","Model summary : 
<keras.src.engine.sequential.Sequential object at 0x7f459c950390>","mlewand","","2024-04-22T01:19:49.000Z","122","","50","100","all","0.0001","0.00005","cosineAnnealer","850","3","150","20","","99","0.33689308166503906","","0.5194050669670105","","","","","0.00009999999747378752"
"AK-LSTM256-LR-Dense128-gelu","0.9133333563804626","0.9647058844566344","finished","Model summary : 
<keras.src.engine.sequential.Sequential object at 0x7f4494741790>","mlewand","","2024-04-22T01:17:09.000Z","122","","50","100","all","0.0001","0.00005","cosineAnnealer","850","3","150","20","","99","0.17492438852787018","","0.47726553678512573","","","","","0.00009999999747378752"
"AK-LSTM256-LR-Dense128-gelu","","","finished","Model summary : 
<keras.src.engine.sequential.Sequential object at 0x7f45971c8950>","mlewand","","2024-04-22T01:16:35.000Z","32","","50","100","all","0.0001","0.00005","cosineAnnealer","850","3","150","20","","","","","","","","","",""
"AK-LSTM128-LR-Dense128-Dense256","0.8999999761581421","0.9376470446586608","finished","Model summary : 
<keras.src.engine.sequential.Sequential object at 0x7f4593e58d50>","mlewand","","2024-04-22T01:13:26.000Z","128","","50","100","all","0.0001","0.00005","cosineAnnealer","850","3","150","20","","99","0.2728075385093689","","0.3923797905445099","","","","","0.00009999999747378752"
"LSTM128-DENSE128-DENSE256-allfeatures","0.9200000166893004","0.9477777481079102","finished","Model summary : 
<keras.src.engine.sequential.Sequential object at 0x7f704eaecd10>","mlewand","","2024-04-21T22:37:43.000Z","5076","","50","100","all","0.0001","0.00005","cosineAnnealer","900","3","100","60","","99","0.3181813359260559","","0.38110724091529846","","","","","0.00009999999747378752"
"LSTM128-Dense128-Dense256-LipsEyesHandsPose_5k","","","finished","Model summary : 
<keras.src.engine.sequential.Sequential object at 0x7f1076f7a410>","mlewand","","2024-04-21T22:31:37.000Z","5541","","51","100","reduced-LipsEyesHandsPose","0.0001","0.00005","cosineAnnealer","4000","13","1000","25","","","","","","","","","",""
"LSTM256-LSTM64-LR-Dense128-GELU-Dense256-GELU-LipsEyesHandsPose_scaled_5k","0.38100001215934753","0.5115000009536743","finished","Model summary : 
<keras.src.engine.sequential.Sequential object at 0x7f107bf87310>","mlewand","","2024-04-21T22:23:24.000Z","490","","51","100","reduced-LipsEyesHandsPose-scaled","0.0001","0.00005","cosineAnnealer","4000","13","1000","25","","19","NaN","","NaN","","","","","0.00008330887067131698"
"Transformer-embed=128-heads=2-ff=128-D=0.2-Dense=256-LipsEyesHandsPose_5k","0.5580000281333923","0.981249988079071","finished","Model summary : 
<keras.src.engine.functional.Functional object at 0x7f945c48cb90>","mlewand","","2024-04-16T15:41:18.000Z","1954","","151","300","reduced-LipsEyesHandsPose","0.0003","0.00005","cosineAnnealer","4000","13","1000","25","","299","1.1057791709899902","","2.0757761001586914","","","","","0.00005010819950257428"
"Transformer-embed=128-heads=2-ff=128-D=0.1-Dense=128-Dense=256-LipsEyesHandsPose_5k","0.5450000166893005","0.9882500171661376","finished","Model summary : 
<keras.src.engine.functional.Functional object at 0x7f95cc312c90>","mlewand","","2024-04-16T15:04:01.000Z","2030","","151","300","reduced-LipsEyesHandsPose","0.0003","0.00005","cosineAnnealer","4000","13","1000","25","","299","1.0490680932998655","","2.017030715942383","","","","","0.00005010819950257428"
"Transformer-embed=128-heads=2-ff=128-D=0.1-Dense=128-Dense=256-LipsEyesHandsPose_5k","0.20600000023841855","0.12099999934434892","finished","Model summary : 
<keras.src.engine.functional.Functional object at 0x7f954fea9a50>","mlewand","","2024-04-16T15:02:34.000Z","84","","50","100","reduced-LipsEyesHandsPose","0.0001","0.00005","cosineAnnealer","4000","13","1000","25","","0","2.5330991744995117","","2.426353454589844","","","","","0.00009995066648116337"
"Transformer-D=0.1-Dense=128-LipsEyesHandsPose_5k","0.5929999947547913","0.7452499866485596","finished","Model summary : 
<keras.src.engine.functional.Functional object at 0x7f954c815890>","mlewand","","2024-04-16T14:40:54.000Z","733","","50","100","reduced-LipsEyesHandsPose","0.0001","0.00005","cosineAnnealer","4000","13","1000","25","","99","1.538276433944702","","1.833159565925598","","","","","0.00009999999747378752"
"LSTM256-Dense128-Dense256-LipsEyesHandsPose_5k","","","finished","Model summary : 
<keras.src.engine.functional.Functional object at 0x7f954ca53f10>","mlewand","","2024-04-16T14:40:29.000Z","22","","50","100","reduced-LipsEyesHandsPose","0.0001","0.00005","cosineAnnealer","4000","13","1000","25","","","","","","","","","",""
"LSTM256-Dense128-Dense256-LipsEyesHandsPose_5k","","","finished","Model summary : 
<keras.src.engine.functional.Functional object at 0x7f95007f5210>","mlewand","","2024-04-16T14:40:02.000Z","25","","50","100","reduced-LipsEyesHandsPose","0.0001","0.00005","cosineAnnealer","4000","13","1000","25","","","","","","","","","",""
"LSTM64-Dense128-Dense256-LipsEyesHandsPose_5k","0.5210000276565552","0.6414999961853027","finished","Model summary : 
<keras.src.engine.sequential.Sequential object at 0x7f9e240a0050>","mlewand","","2024-04-16T14:21:43.000Z","616","","50","100","reduced-LipsEyesHandsPose","0.0001","0.00005","cosineAnnealer","4000","13","1000","25","","99","1.7232351303100586","","1.9353278875350952","","","","","0.00009999999747378752"
"LSTM128-Dense128-Dense256-LipsEyesHandsPose_5k","0.5230000019073486","0.8867499828338623","finished","Model summary : 
<keras.src.engine.sequential.Sequential object at 0x7f9e5311af10>","mlewand","","2024-04-16T14:09:37.000Z","543","","50","100","reduced-LipsEyesHandsPose","0.0001","0.00005","cosineAnnealer","4000","13","1000","25","","99","1.391520857810974","","2.244415521621704","","","","","0.00009999999747378752"
"LSTM128-Dense128-Dense256-LipsEyesHandsPose_5k","0.5640000104904175","0.8617500066757202","finished","Model summary : 
<keras.src.engine.sequential.Sequential object at 0x7f9e521caa10>","mlewand","","2024-04-16T13:55:58.000Z","816","","50","100","reduced-LipsEyesHandsPose","0.0001","0.00005","cosineAnnealer","4000","13","1000","25","","99","1.4173414707183838","","2.178098678588867","","","","","0.00009999999747378752"
"LSTM64-Dense256-LipsEyesHandsPose","0.8399999737739563","0.8844444155693054","finished","Model summary : 
<keras.src.engine.sequential.Sequential object at 0x7f8241ed0bd0>","mlewand","","2024-04-10T20:40:36.000Z","2462","","75","100","all","0.0001","0.00005","cosineAnnealer","900","3","100","60","","99","0.41213303804397583","","0.5371882319450378","","","","","0.00008125000022118911"
"LSTM64-Dense128-LipsEyesHandsPose","0.8600000143051147","0.8766666650772095","finished","Model summary : 
<keras.src.engine.sequential.Sequential object at 0x7f8241d02a90>","mlewand","","2024-04-10T19:59:03.000Z","2491","","75","100","all","0.0001","0.00005","cosineAnnealer","900","3","100","60","","99","0.4241698682308197","","0.5298067331314087","","","","","0.00008125000022118911"
"LSTM64-Dense64-LipsEyesHandsPose_NF","0.8799999952316284","0.8766666650772095","finished","Model summary : 
<keras.src.engine.sequential.Sequential object at 0x7f822421d150>","mlewand","","2024-04-10T16:44:53.000Z","2501","","75","100","all","0.0001","0.00005","cosineAnnealer","900","3","100","60","","99","0.4712527096271515","","0.507581353187561","","","","","0.00008125000022118911"
"LSTM128-Dense128-Dense256-LipsEyesHandsPose","0.8700000047683716","0.904444456100464","finished","Model summary : 
<keras.src.engine.sequential.Sequential object at 0x7f83382d0c50>","mlewand","","2024-04-10T16:04:11.000Z","2440","","50","100","all","0.0001","0.00005","cosineAnnealer","900","3","100","60","","99","0.3906112015247345","","0.528964102268219","","","","","0.00009999999747378752"
"LSTM128_l2-Dense128-Dense256-LipsEyesHandsPose","0.8600000143051147","0.8877778053283691","finished","Model summary : 
<keras.src.engine.sequential.Sequential object at 0x7f830eb5ead0>","mlewand","","2024-04-10T15:13:31.000Z","2403","","50","100","all","0.0001","0.00005","cosineAnnealer","900","3","100","60","","99","0.4922332167625427","","0.90103018283844","","","","","0.00009999999747378752"
"LSTM128-Dense256-LipsEyesHandsPose","0.8700000047683716","0.8855555653572083","finished","Model summary : 
<keras.src.engine.sequential.Sequential object at 0x7f830c59cf10>","mlewand","","2024-04-10T14:32:15.000Z","2440","","50","100","all","0.0001","0.00005","cosineAnnealer","900","3","100","60","","99","0.4643317759037018","","0.6158098578453064","","","","","0.00009999999747378752"
"LSTM128-Dense256-LipsEyesHandsPose","0.8600000143051147","0.9122222065925598","finished","Model summary : 
<keras.src.engine.sequential.Sequential object at 0x7f8befd6c750>","mlewand","","2024-04-10T12:37:01.000Z","2452","","50","100","all","0.0001","0.00005","cosineAnnealer","900","3","100","60","","99","0.5161699056625366","","0.6315892934799194","","","","","0.00009999999747378752"
"LSTM256-Dense128-Dense256-LipsEyesHandsPose_NF=396","0.8600000143051147","0.8666666746139526","finished","Model summary : 
<keras.src.engine.sequential.Sequential object at 0x7f899c7f6290>","mlewand","","2024-04-10T11:50:01.000Z","2468","","50","100","all","0.0001","0.00005","cosineAnnealer","900","3","100","60","","99","0.5415050983428955","","0.5602989196777344","","","","","0.00009999999747378752"
"LSTM64-Dense128-Dense256-LipsEyesHandsPose","0.8700000047683716","0.9077777862548828","finished","Model summary : 
<keras.src.engine.sequential.Sequential object at 0x7f8d6fa07a90>","mlewand","","2024-04-10T10:39:54.000Z","2439","","50","100","all","0.0001","0.00005","cosineAnnealer","900","3","100","60","","99","0.4616154730319977","","0.6631308794021606","","","","","0.00009999999747378752"
"LSTM128-Dense128-Dense256-LipsEyesHandsPose","0.8700000047683716","0.898888885974884","finished","Model summary : 
<keras.src.engine.sequential.Sequential object at 0x7f7ff556ea10>","mlewand","","2024-04-09T23:18:24.000Z","2429","","50","100","LipsEyesHandsPose","0.0001","0.00005","cosineAnnealer","900","3","100","60","","99","0.45091551542282104","","0.48608434200286865","","","","","0.00009999999747378752"
"LSTM64-Dense257-allfeatures","0.9100000262260436","0.9322222471237184","finished","Model summary : 
<keras.src.engine.sequential.Sequential object at 0x7fd9e82e3790>","mlewand","","2024-04-08T15:43:10.000Z","5329","","75","100","all","0.0001","0.00005","cosineAnnealer","900","3","100","60","","99","0.34328943490982056","","0.37229859828948975","","","","","0.00008125000022118911"
"LSTM64-Dense128-allfeatures","0.9200000166893004","0.9233333468437196","finished","Model summary : 
<keras.src.engine.sequential.Sequential object at 0x7fda518a6390>","mlewand","","2024-04-08T14:13:17.000Z","5391","","75","100","all","0.0001","0.00005","cosineAnnealer","900","3","100","60","","99","0.3411017954349518","","0.4558684527873993","","","","","0.00008125000022118911"
"LSTM64-Dense64-allfeatures","0.8999999761581421","0.9277777671813964","finished","Model summary : 
<keras.src.engine.sequential.Sequential object at 0x7fda501c1d50>","mlewand","","2024-04-08T12:44:06.000Z","5349","","75","100","all","0.0001","0.00005","cosineAnnealer","900","3","100","60","","99","0.3030488193035126","","0.7505279779434204","","","","","0.00008125000022118911"
"LSTM128-Dense128-Dense256-allfeatures","0.9300000071525574","0.9544444680213928","finished","Model summary : 
<keras.src.engine.sequential.Sequential object at 0x7fdbbc5aa510>","mlewand","","2024-04-08T10:28:43.000Z","5345","","50","100","all","0.0001","0.00005","cosineAnnealer","900","3","100","60","","99","0.29384833574295044","","0.638388454914093","","","","","0.00009999999747378752"
"Bigger Reg: LSTM64-Dense128-Dense256-allfeatures","0.9100000262260436","0.8922222256660461","finished","Model summary : 
<keras.src.engine.sequential.Sequential object at 0x7fdb180a9010>","mlewand","","2024-04-08T08:59:08.000Z","5336","","50","100","all","0.0001","0.00005","cosineAnnealer","900","3","100","60","","99","0.5047539472579956","","0.6695714592933655","","","","","0.00009999999747378752"
"LSTM128-Dense128-allfeatures","0.8999999761581421","0.9444444179534912","finished","Model summary : 
<keras.src.engine.sequential.Sequential object at 0x7fdaec2da250>","mlewand","","2024-04-08T05:56:40.000Z","5070","","50","100","all","0.0001","0.00005","cosineAnnealer","900","3","100","60","","99","0.22889015078544617","","0.438711017370224","","","","","0.00009999999747378752"
"LSTM128-Dense256-allfeatures","0.9200000166893004","0.9322222471237184","finished","Model summary : 
<keras.src.engine.sequential.Sequential object at 0x7fdb4c07b8d0>","mlewand","","2024-04-08T04:31:44.000Z","5094","","50","100","all","0.0001","0.00005","cosineAnnealer","900","3","100","60","","99","0.29756179451942444","","0.5839239358901978","","","","","0.00009999999747378752"
"LSTM256-Dense128-Dense256-allfeatures","0.9100000262260436","0.9399999976158142","finished","Model summary : 
<keras.src.engine.sequential.Sequential object at 0x7fdbbc223250>","mlewand","","2024-04-08T03:03:41.000Z","5280","","50","100","all","0.0001","0.00005","cosineAnnealer","900","3","100","60","","99","0.304427832365036","","0.6457535624504089","","","","","0.00009999999747378752"
"Reg: LSTM64-Dense128-Dense256-allfeatures","0.9300000071525574","0.9266666769981384","finished","Model summary : 
<keras.src.engine.sequential.Sequential object at 0x7fe2a4725dd0>","mlewand","","2024-04-08T01:39:15.000Z","5064","","50","100","all","0.0001","0.00005","cosineAnnealer","900","3","100","60","","99","0.32658636569976807","","0.3885423541069031","","","","","0.00009999999747378752"
"LSTM128-Dense128-Dense256-allfeatures","0.9100000262260436","0.9244444370269777","finished","Model summary : 
<keras.src.engine.sequential.Sequential object at 0x7fe2a47cff50>","mlewand","","2024-04-08T00:17:09.000Z","4924","","50","100","all","0.0001","0.00005","cosineAnnealer","900","3","100","60","","99","0.3245764970779419","","0.42385315895080566","","","","","0.00009999999747378752"
"LSTM128-Dense128-Dense256-allfeatures","0.4333333373069763","0.4375","crashed","Model summary : 
<Sequential name=sequential, built=True>","adelenelsw15","","2024-04-07T22:13:58.000Z","10559","","50","100","all","0.0001","0.00005","cosineAnnealer","240","3","60","60","","46","15503.8759765625","","15981.5595703125","","","","",""